{
  "batch_fallbacks": [],
  "batch_size": 8,
  "conf": 0.25,
  "created_at": "2026-06-25T13:49:31.012246+00:00",
  "decode_workers": 4,
  "delivery_id": "CCPL080626M1_1_14_7",
  "device": "cuda:0",
  "failures": [],
  "git_sha": "6e32ae8d30fde139b4d9f04e8bf96d349d60704e",
  "half": true,
  "imgsz": 640,
  "inference_mode": "full_frame",
  "input_mode": "opencv_resized_preload",
  "iou": 0.7,
  "match_id": "CCPL080626",
  "model_id": "yolo26x_pose",
  "per_camera": {
    "cam_01": {
      "append_mode": false,
      "camera_dir": "drive/dataset/bt_01/CCPL080626M1_1_14_7/camera01",
      "camera_id": "cam_01",
      "capture_group": "bt_01",
      "decode_latency": {
        "count": 600,
        "max_ms": 433.507574001851,
        "p50_ms": 199.76501799828839,
        "p95_ms": 304.72090300463606
      },
      "delivery_id": "CCPL080626M1_1_14_7",
      "empty_detection_frames": 0,
      "frames_selected": 600,
      "frames_to_process": 600,
      "inference_latency": {
        "count": 600,
        "max_ms": 2185.151944874633,
        "p50_ms": 25.800011375395115,
        "p95_ms": 27.61693349930283
      },
      "players_per_frame_mean": 4.333333333333333,
      "prediction_jsonl": "benchmarks/runs/yolo26x-pose-full-db8/predictions/bt_01__CCPL080626M1_1_14_7__cam_01.jsonl",
      "records_reused": 0,
      "records_written": 600,
      "records_written_this_run": 600,
      "resumed_from_existing": false,
      "skipped_complete_camera": false,
      "total_latency": {
        "count": 600,
        "max_ms": 2536.334389870717,
        "p50_ms": 226.63087893715783,
        "p95_ms": 340.983223002695
      },
      "total_players_detected": 2600
    },
    "cam_02": {
      "append_mode": false,
      "camera_dir": "drive/dataset/bt_02/CCPL080626M1_1_14_7/camera02",
      "camera_id": "cam_02",
      "capture_group": "bt_02",
      "decode_latency": {
        "count": 600,
        "max_ms": 430.48488999920664,
        "p50_ms": 270.75875050286413,
        "p95_ms": 334.46757700585295
      },
      "delivery_id": "CCPL080626M1_1_14_7",
      "empty_detection_frames": 0,
      "frames_selected": 600,
      "frames_to_process": 600,
      "inference_latency": {
        "count": 600,
        "max_ms": 44.46427024959121,
        "p50_ms": 26.38544549972721,
        "p95_ms": 28.536552999867126
      },
      "players_per_frame_mean": 2.493333333333333,
      "prediction_jsonl": "benchmarks/runs/yolo26x-pose-full-db8/predictions/bt_02__CCPL080626M1_1_14_7__cam_02.jsonl",
      "records_reused": 0,
      "records_written": 600,
      "records_written_this_run": 600,
      "resumed_from_existing": false,
      "skipped_complete_camera": false,
      "total_latency": {
        "count": 600,
        "max_ms": 457.64987749862485,
        "p50_ms": 297.22629499974573,
        "p95_ms": 360.720888124888
      },
      "total_players_detected": 1496
    },
    "cam_03": {
      "append_mode": false,
      "camera_dir": "drive/dataset/bt_03/CCPL080626M1_1_14_7/camera03",
      "camera_id": "cam_03",
      "capture_group": "bt_03",
      "decode_latency": {
        "count": 600,
        "max_ms": 429.8721220038715,
        "p50_ms": 258.84558700272464,
        "p95_ms": 377.7039509950555
      },
      "delivery_id": "CCPL080626M1_1_14_7",
      "empty_detection_frames": 0,
      "frames_selected": 600,
      "frames_to_process": 600,
      "inference_latency": {
        "count": 600,
        "max_ms": 59.50062387546495,
        "p50_ms": 26.545992875071533,
        "p95_ms": 44.293072375694464
      },
      "players_per_frame_mean": 2.9266666666666667,
      "prediction_jsonl": "benchmarks/runs/yolo26x-pose-full-db8/predictions/bt_03__CCPL080626M1_1_14_7__cam_03.jsonl",
      "records_reused": 0,
      "records_written": 600,
      "records_written_this_run": 600,
      "resumed_from_existing": false,
      "skipped_complete_camera": false,
      "total_latency": {
        "count": 600,
        "max_ms": 458.77972312882775,
        "p50_ms": 287.89277543864955,
        "p95_ms": 409.6485793743341
      },
      "total_players_detected": 1756
    },
    "cam_04": {
      "append_mode": false,
      "camera_dir": "drive/dataset/bt_01/CCPL080626M1_1_14_7/camera04",
      "camera_id": "cam_04",
      "capture_group": "bt_01",
      "decode_latency": {
        "count": 600,
        "max_ms": 430.0338609973551,
        "p50_ms": 273.4014304987795,
        "p95_ms": 413.3459340009722
      },
      "delivery_id": "CCPL080626M1_1_14_7",
      "empty_detection_frames": 0,
      "frames_selected": 600,
      "frames_to_process": 600,
      "inference_latency": {
        "count": 600,
        "max_ms": 42.25601137477497,
        "p50_ms": 26.581383249322244,
        "p95_ms": 27.90180187457736
      },
      "players_per_frame_mean": 6.01,
      "prediction_jsonl": "benchmarks/runs/yolo26x-pose-full-db8/predictions/bt_01__CCPL080626M1_1_14_7__cam_04.jsonl",
      "records_reused": 0,
      "records_written": 600,
      "records_written_this_run": 600,
      "resumed_from_existing": false,
      "skipped_complete_camera": false,
      "total_latency": {
        "count": 600,
        "max_ms": 461.2974173742259,
        "p50_ms": 300.2152717494937,
        "p95_ms": 440.203325373659
      },
      "total_players_detected": 3606
    },
    "cam_05": {
      "append_mode": false,
      "camera_dir": "drive/dataset/bt_02/CCPL080626M1_1_14_7/camera05",
      "camera_id": "cam_05",
      "capture_group": "bt_02",
      "decode_latency": {
        "count": 600,
        "max_ms": 436.77831500099273,
        "p50_ms": 280.3268925017619,
        "p95_ms": 419.45683600351913
      },
      "delivery_id": "CCPL080626M1_1_14_7",
      "empty_detection_frames": 0,
      "frames_selected": 600,
      "frames_to_process": 600,
      "inference_latency": {
        "count": 600,
        "max_ms": 44.625305625231704,
        "p50_ms": 25.97148312452191,
        "p95_ms": 33.41637762514438
      },
      "players_per_frame_mean": 2.405,
      "prediction_jsonl": "benchmarks/runs/yolo26x-pose-full-db8/predictions/bt_02__CCPL080626M1_1_14_7__cam_05.jsonl",
      "records_reused": 0,
      "records_written": 600,
      "records_written_this_run": 600,
      "resumed_from_existing": false,
      "skipped_complete_camera": false,
      "total_latency": {
        "count": 600,
        "max_ms": 467.8979066266038,
        "p50_ms": 307.34503143548864,
        "p95_ms": 445.1536923779713
      },
      "total_players_detected": 1443
    },
    "cam_06": {
      "append_mode": false,
      "camera_dir": "drive/dataset/bt_03/CCPL080626M1_1_14_7/camera06",
      "camera_id": "cam_06",
      "capture_group": "bt_03",
      "decode_latency": {
        "count": 600,
        "max_ms": 417.4229730051593,
        "p50_ms": 276.54899999834015,
        "p95_ms": 318.0586119997315
      },
      "delivery_id": "CCPL080626M1_1_14_7",
      "empty_detection_frames": 0,
      "frames_selected": 600,
      "frames_to_process": 600,
      "inference_latency": {
        "count": 600,
        "max_ms": 28.155323750070238,
        "p50_ms": 26.084489374625264,
        "p95_ms": 26.7365987501762
      },
      "players_per_frame_mean": 3.0083333333333333,
      "prediction_jsonl": "benchmarks/runs/yolo26x-pose-full-db8/predictions/bt_03__CCPL080626M1_1_14_7__cam_06.jsonl",
      "records_reused": 0,
      "records_written": 600,
      "records_written_this_run": 600,
      "resumed_from_existing": false,
      "skipped_complete_camera": false,
      "total_latency": {
        "count": 600,
        "max_ms": 443.4475160051079,
        "p50_ms": 302.60028893962954,
        "p95_ms": 344.17645074699976
      },
      "total_players_detected": 1805
    },
    "cam_07": {
      "append_mode": false,
      "camera_dir": "drive/dataset/bt_02/CCPL080626M1_1_14_7/camera07",
      "camera_id": "cam_07",
      "capture_group": "bt_02",
      "decode_latency": {
        "count": 600,
        "max_ms": 498.55744399974355,