{
  "batch_fallbacks": [],
  "batch_size": 8,
  "conf": 0.25,
  "created_at": "2026-06-25T13:34:37.064849+00:00",
  "decode_workers": 4,
  "delivery_id": "CCPL080626M1_1_14_5",
  "device": "cuda:0",
  "failures": [],
  "git_sha": "6e32ae8d30fde139b4d9f04e8bf96d349d60704e",
  "half": true,
  "imgsz": 640,
  "inference_mode": "full_frame",
  "input_mode": "opencv_resized_preload",
  "iou": 0.7,
  "match_id": "CCPL080626",
  "model_id": "yolo26x_pose",
  "per_camera": {
    "cam_01": {
      "append_mode": false,
      "camera_dir": "/home/aksh/quidich/Pose_Estimation/drive/dataset/bt_01/CCPL080626M1_1_14_5/camera01",
      "camera_id": "cam_01",
      "capture_group": "bt_01",
      "decode_latency": {
        "count": 600,
        "max_ms": 334.27908899466274,
        "p50_ms": 67.46277900310815,
        "p95_ms": 268.9572329982184
      },
      "delivery_id": "CCPL080626M1_1_14_5",
      "empty_detection_frames": 0,
      "frames_selected": 600,
      "frames_to_process": 600,
      "inference_latency": {
        "count": 600,
        "max_ms": 875.0320128756357,
        "p50_ms": 26.281563000338792,
        "p95_ms": 27.347806624675286
      },
      "players_per_frame_mean": 4.0183333333333335,
      "prediction_jsonl": "/home/aksh/quidich/Pose_Estimation/benchmarks/runs/yolo26x-pose-full-db8/predictions/bt_01__CCPL080626M1_1_14_5__cam_01.jsonl",
      "records_reused": 0,
      "records_written": 600,
      "records_written_this_run": 600,
      "resumed_from_existing": false,
      "skipped_complete_camera": false,
      "total_latency": {
        "count": 600,
        "max_ms": 913.1403388755643,
        "p50_ms": 93.53244718795395,
        "p95_ms": 292.2855944952971
      },
      "total_players_detected": 2411
    },
    "cam_02": {
      "append_mode": false,
      "camera_dir": "/home/aksh/quidich/Pose_Estimation/drive/dataset/bt_02/CCPL080626M1_1_14_5/camera02",
      "camera_id": "cam_02",
      "capture_group": "bt_02",
      "decode_latency": {
        "count": 600,
        "max_ms": 415.86327600089135,
        "p50_ms": 286.0775344961439,
        "p95_ms": 330.0630789963179
      },
      "delivery_id": "CCPL080626M1_1_14_5",
      "empty_detection_frames": 0,
      "frames_selected": 600,
      "frames_to_process": 600,
      "inference_latency": {
        "count": 600,
        "max_ms": 28.8191054996787,
        "p50_ms": 26.512463125072827,
        "p95_ms": 27.29155399993033
      },
      "players_per_frame_mean": 3.0283333333333333,
      "prediction_jsonl": "/home/aksh/quidich/Pose_Estimation/benchmarks/runs/yolo26x-pose-full-db8/predictions/bt_02__CCPL080626M1_1_14_5__cam_02.jsonl",
      "records_reused": 0,
      "records_written": 600,
      "records_written_this_run": 600,
      "resumed_from_existing": false,
      "skipped_complete_camera": false,
      "total_latency": {
        "count": 600,
        "max_ms": 425.71736362515367,
        "p50_ms": 310.75086387591,
        "p95_ms": 349.12447362512466
      },
      "total_players_detected": 1817
    },
    "cam_03": {
      "append_mode": false,
      "camera_dir": "/home/aksh/quidich/Pose_Estimation/drive/dataset/bt_03/CCPL080626M1_1_14_5/camera03",
      "camera_id": "cam_03",
      "capture_group": "bt_03",
      "decode_latency": {
        "count": 600,
        "max_ms": 358.92217400396476,
        "p50_ms": 258.9799804991344,
        "p95_ms": 279.8646849987563
      },
      "delivery_id": "CCPL080626M1_1_14_5",
      "empty_detection_frames": 0,
      "frames_selected": 600,
      "frames_to_process": 600,
      "inference_latency": {
        "count": 600,
        "max_ms": 34.06849987550231,
        "p50_ms": 26.40249037540343,
        "p95_ms": 27.69082550003077
      },
      "players_per_frame_mean": 2.935,
      "prediction_jsonl": "/home/aksh/quidich/Pose_Estimation/benchmarks/runs/yolo26x-pose-full-db8/predictions/bt_03__CCPL080626M1_1_14_5__cam_03.jsonl",
      "records_reused": 0,
      "records_written": 600,
      "records_written_this_run": 600,
      "resumed_from_existing": false,
      "skipped_complete_camera": false,
      "total_latency": {
        "count": 600,
        "max_ms": 386.6129995039955,
        "p50_ms": 285.2686808123508,
        "p95_ms": 306.4135922531932
      },
      "total_players_detected": 1761
    },
    "cam_04": {
      "append_mode": false,
      "camera_dir": "/home/aksh/quidich/Pose_Estimation/drive/dataset/bt_01/CCPL080626M1_1_14_5/camera04",
      "camera_id": "cam_04",
      "capture_group": "bt_01",
      "decode_latency": {
        "count": 600,
        "max_ms": 437.3812660051044,
        "p50_ms": 282.7177910039609,
        "p95_ms": 309.41024699859554
      },
      "delivery_id": "CCPL080626M1_1_14_5",
      "empty_detection_frames": 0,
      "frames_selected": 600,
      "frames_to_process": 600,
      "inference_latency": {
        "count": 600,
        "max_ms": 31.271650875169144,
        "p50_ms": 26.747362875539693,
        "p95_ms": 27.631066499452572
      },
      "players_per_frame_mean": 5.016666666666667,
      "prediction_jsonl": "/home/aksh/quidich/Pose_Estimation/benchmarks/runs/yolo26x-pose-full-db8/predictions/bt_01__CCPL080626M1_1_14_5__cam_04.jsonl",
      "records_reused": 0,
      "records_written": 600,
      "records_written_this_run": 600,
      "resumed_from_existing": false,
      "skipped_complete_camera": false,
      "total_latency": {
        "count": 600,
        "max_ms": 464.2021725048835,
        "p50_ms": 309.46160181292726,
        "p95_ms": 336.8121124985919
      },
      "total_players_detected": 3010
    },
    "cam_05": {
      "append_mode": false,
      "camera_dir": "/home/aksh/quidich/Pose_Estimation/drive/dataset/bt_02/CCPL080626M1_1_14_5/camera05",
      "camera_id": "cam_05",
      "capture_group": "bt_02",
      "decode_latency": {
        "count": 600,
        "max_ms": 430.95447199448245,
        "p50_ms": 279.7518464976747,
        "p95_ms": 315.5144750053296
      },
      "delivery_id": "CCPL080626M1_1_14_5",
      "empty_detection_frames": 0,
      "frames_selected": 600,
      "frames_to_process": 600,
      "inference_latency": {
        "count": 600,
        "max_ms": 27.793836375167302,
        "p50_ms": 25.69914450032229,
        "p95_ms": 27.295965124721988
      },
      "players_per_frame_mean": 2.445,
      "prediction_jsonl": "/home/aksh/quidich/Pose_Estimation/benchmarks/runs/yolo26x-pose-full-db8/predictions/bt_02__CCPL080626M1_1_14_5__cam_05.jsonl",
      "records_reused": 0,
      "records_written": 600,
      "records_written_this_run": 600,
      "resumed_from_existing": false,
      "skipped_complete_camera": false,
      "total_latency": {
        "count": 600,
        "max_ms": 455.48657275048754,
        "p50_ms": 303.1149704388554,
        "p95_ms": 336.2051337489902
      },
      "total_players_detected": 1467
    },
    "cam_06": {
      "append_mode": false,
      "camera_dir": "/home/aksh/quidich/Pose_Estimation/drive/dataset/bt_03/CCPL080626M1_1_14_5/camera06",
      "camera_id": "cam_06",
      "capture_group": "bt_03",
      "decode_latency": {
        "count": 600,
        "max_ms": 445.9289650039864,
        "p50_ms": 287.98564200042165,
        "p95_ms": 334.09330200083787
      },
      "delivery_id": "CCPL080626M1_1_14_5",
      "empty_detection_frames": 0,
      "frames_selected": 600,
      "frames_to_process": 600,
      "inference_latency": {
        "count": 600,
        "max_ms": 32.172592124879884,
        "p50_ms": 26.323385999603488,
        "p95_ms": 27.798642125162587
      },
      "players_per_frame_mean": 3.0016666666666665,
      "prediction_jsonl": "/home/aksh/quidich/Pose_Estimation/benchmarks/runs/yolo26x-pose-full-db8/predictions/bt_03__CCPL080626M1_1_14_5__cam_06.jsonl",
      "records_reused": 0,
      "records_written": 600,
      "records_written_this_run": 600,
      "resumed_from_existing": false,
      "skipped_complete_camera": false,
      "total_latency": {
        "count": 600,